Apple iPhone X - 256GB - Silver (Unlocked) A1865 (CDMA + GSM), https://www.ebay.com/itm/Apple-iPhone-X-256GB-Silver-Unlocked-A1865-CDMA-GSM/202238962389?epid=240377022&hash=item2f1661aad5:g:LHQAAOSwJRZagaql, '$1 400.00', '+$25.00 shipping'
Apple Iphone X - Space Grey 256GB Unlocked, https://www.ebay.com/itm/Apple-Iphone-X-Space-Grey-256GB-Unlocked/273086399435?epid=239086339&hash=item3f9537c3cb:g:AWUAAOSwTMdakvFY, '$660.00', 'Shipping not specified'
Iphone x, https://www.ebay.com/itm/Iphone-x/292463617586?hash=item441830a632:g:LBwAAOSwQwdak622, '$650.00', 'Shipping not specified'
Apple iPhone Ten X - 64GB - Space Gray (Unlocked) Read Below, https://www.ebay.com/itm/Apple-iPhone-Ten-X-64GB-Space-Gray-Unlocked-Read-Below/253449997001?hash=item3b02cc0ac9:g:BisAAOSw3zNakin3, '$800.00', 'Shipping not specified'
NEW SEALED APPLE IPHONE X 64GB AT&T ONLY STRAIGHT TALK CRICKET H20 SPACE GRAY, https://www.ebay.com/itm/NEW-SEALED-APPLE-IPHONE-X-64GB-AT-T-ONLY-STRAIGHT-TALK-CRICKET-H20-SPACE-GRAY/323102530892?epid=238944741&hash=item4b3a695d4c:g:PU4AAOSwigxakXju, '$899.99', 'Shipping not specified'
Apple iPhone X - 64GB - Space Gray (Unlocked) A1865 (CDMA + GSM), https://www.ebay.com/itm/Apple-iPhone-X-64GB-Space-Gray-Unlocked-A1865-CDMA-GSM/122977479451?epid=240377072&hash=item1ca2076b1b:g:z8QAAOSwzXpai8SI, '$925.00', 'Shipping not specified'
Apple iPhone X - 256GB - Silver (Unlocked) A1901 (GSM), https://www.ebay.com/itm/Apple-iPhone-X-256GB-Silver-Unlocked-A1901-GSM/202241660208?epid=239160803&hash=item2f168ad530:g:6HMAAOSwzy5alE5a, '$895.00', 'Shipping not specified'
Apple iphone x 64gb unlocked silver EXCELLENT CONDITION original box/accessorie, s, https://www.ebay.com/itm/Apple-iphone-x-64gb-unlocked-silver-EXCELLENT-CONDITION-original-box-accessories/302652764716?hash=item467782b22c:g:FPcAAOSwPrZalLtD, '$925.00', 'Shipping not specified'
Apple iPhone X - 256GB - Silver (Unlocked) A1865 (CDMA + GSM), https://www.ebay.com/itm/Apple-iPhone-X-256GB-Silver-Unlocked-A1865-CDMA-GSM/253454682821?epid=240377022&hash=item3b03138ac5:g:0KkAAOSwLwBajMEM, '$670.00', '+$45.00 shipping'
New Open Box Apple iPhone X 256GB Space Gray Unlocked A1901 Any GSM, https://www.ebay.com/itm/New-Open-Box-Apple-iPhone-X-256GB-Space-Gray-Unlocked-A1901-Any-GSM/162920634546?epid=239160993&hash=item25eed398b2:g:0MoAAOSwSrNaOGlK, '$1 099.00', 'Shipping not specified'
Apple iPhone X 256GB - Space Gray GSM Unlocked - open box, https://www.ebay.com/itm/Apple-iPhone-X-256GB-Space-Gray-GSM-Unlocked-open-box/253407360385?epid=239160993&hash=item3b00417581:g:pycAAOSwMkJaYoVx, '$1 149.00', 'Shipping not specified'
iphone x 256gb unlocked, https://www.ebay.com/itm/iphone-x-256gb-unlocked/152923371892?hash=item239af17974:g:coIAAOSwgNxak3D0, '$499.00', 'Shipping not specified'
Apple iPhone X - 64GB - Silver (Verizon) A1865 (CDMA + GSM) EXCELLENT CONDITION, https://www.ebay.com/itm/Apple-iPhone-X-64GB-Silver-Verizon-A1865-CDMA-GSM-EXCELLENT-CONDITION/253454280003?epid=239160983&hash=item3b030d6543:g:AlUAAOSwnDpaKCWN, '$999.01', 'Shipping not specified'
iphone x, https://www.ebay.com/itm/iphone-x/202241521629?hash=item2f1688b7dd:g:HGwAAOSwb6daiakO, '$499.00', '+$10.00 shipping'
Apple iPhone X - 64GB - Silver (Verizon) Smartphone, https://www.ebay.com/itm/Apple-iPhone-X-64GB-Silver-Verizon-Smartphone/122977254035?epid=239160983&hash=item1ca203fa93:g:W0kAAOSwlzRagH4f, '$960.00', 'Shipping not specified'
Apple iPhone X - 64GB - Silver (AT&T) A1901 (GSM), https://www.ebay.com/itm/Apple-iPhone-X-64GB-Silver-AT-T-A1901-GSM/391984881298?epid=239054160&hash=item5b441e9e92:g:FrUAAOSwoBlai5qA, '$865.99', 'Shipping not specified'
NEW! Apple iPhone X - 256GB - Silver (Unlocked) BAD ESN, https://www.ebay.com/itm/NEW-Apple-iPhone-X-256GB-Silver-Unlocked-BAD-ESN/142701833434?epid=239086499&hash=item2139b12cda:g:aA0AAOSwj1ZahdBu, '$999.00', 'Shipping not specified'
Apple iPhone X - 256GB - Space Gray (Unlocked), https://www.ebay.com/itm/Apple-iPhone-X-256GB-Space-Gray-Unlocked/253439007872?epid=239160993&hash=item3b02245c80:g:-2IAAOSwgeBai5M-, '$1 075.00', 'Shipping not specified'
New Apple iPhone X Space Gray 64GB Factory Unlocked Verizon Wireless, https://www.ebay.com/itm/New-Apple-iPhone-X-Space-Gray-64GB-Factory-Unlocked-Verizon-Wireless/253447327435?epid=240377072&hash=item3b02a34ecb:g:9UAAAOSwFyhaFXZJ, '$1 049.89', '+$105.00 shipping'
New Apple iPhone X Silver 64GB Factory Unlocked Verizon Wireless Any GSM, https://www.ebay.com/itm/New-Apple-iPhone-X-Silver-64GB-Factory-Unlocked-Verizon-Wireless-Any-GSM/253449360656?epid=240455169&hash=item3b02c25510:g:ZJcAAOSwZB9aFXZN, '$989.97', '+$105.00 shipping'
Apple iPhone X - 64GB - Space Gray (Sprint) A1865 (CDMA + GSM), https://www.ebay.com/itm/Apple-iPhone-X-64GB-Space-Gray-Sprint-A1865-CDMA-GSM/122980604367?epid=239009532&hash=item1ca23719cf:g:8l4AAOSwh31afouT, '$845.00', 'Shipping not specified'
New Apple iPhone X Silver 64GB Sprint Sealed in Box Bad MEID/IMEI, https://www.ebay.com/itm/New-Apple-iPhone-X-Silver-64GB-Sprint-Sealed-in-Box-Bad-MEID-IMEI/253447308873?epid=239054330&hash=item3b02a30649:g:WAcAAOSwoR9aE~no, '$779.89', '+$85.00 shipping'
IPhone X - 64G Space Gray - Sprint, https://www.ebay.com/itm/IPhone-X-64G-Space-Gray-Sprint/292461201941?hash=item44180bca15:g:6IgAAOSw3HxakMWT, '$820.00', 'Shipping not specified'
Apple iPhone X - 64GB - Silver (Unlocked) A1865 (CDMA + GSM), https://www.ebay.com/itm/Apple-iPhone-X-64GB-Silver-Unlocked-A1865-CDMA-GSM/142698075190?epid=240455169&hash=item213977d436:g:DAkAAOSwFnxajiCp, '$899.90', 'Shipping not specified'
Apple iPhone Ten X - 256GB - Silver (Factory Unlocked) - Brand NEW, https://www.ebay.com/itm/Apple-iPhone-Ten-X-256GB-Silver-Factory-Unlocked-Brand-NEW/273072356476?epid=239086299&hash=item3f94617c7c:g:D4sAAOSwXf1aYQa8, '$1 170.00', 'Shipping not specified'
New Apple iPhone X Silver 64GB Factory Unlocked Verizon Wireless, https://www.ebay.com/itm/New-Apple-iPhone-X-Silver-64GB-Factory-Unlocked-Verizon-Wireless/253454135604?epid=240455169&hash=item3b030b3134:g:ZJcAAOSwZB9aFXZN, '$969.89', 'Trending at', '$999.99', '+$105.00 shipping'
Apple iPhone X 256GB Silver Original Box Packaging Only, https://www.ebay.com/itm/Apple-iPhone-X-256GB-Silver-Original-Box-Packaging-Only/173182735295?hash=item28527ed3bf:g:zk8AAOSwbPValJ3t, '$15.00', 'Shipping not specified'
iPhone X 64gb Space Gray Unlocked Box/Accessorie, s only, https://www.ebay.com/itm/iPhone-X-64gb-Space-Gray-Unlocked-Box-Accessories-only/263520349596?hash=item3d5b096d9c:g:CSEAAOSw0ZJak4Vh, '$800.00', '+$47.50 shipping'
iPhone X 64gb Unlocked Silver, https://www.ebay.com/itm/iPhone-X-64gb-Unlocked-Silver/232680059177?hash=item362ccff129:g:I88AAOSwlPxalKtr, '$800.00', 'Shipping not specified'
NEW Apple iPhone X 256GB GRAY/SILVER (AT&T/Cricket/, H2O) Bad Esn, https://www.ebay.com/itm/NEW-Apple-iPhone-X-256GB-GRAY-SILVER-AT-T-Cricket-H2O-Bad-Esn/222858055838?hash=item33e360109e:g:lvMAAOSw9Llaj2UM, '$699.99', 'Shipping not specified'
Apple iPhone X 64GB Silver Original Box Packaging Only, https://www.ebay.com/itm/Apple-iPhone-X-64GB-Silver-Original-Box-Packaging-Only/173182660014?hash=item28527dadae:g:zk8AAOSwbPValJ3t, '$15.00', 'Shipping not specified'
Apple iPhone X - 256GB - Space Gray (Unlocked) A1865 (CDMA + GSM), https://www.ebay.com/itm/Apple-iPhone-X-256GB-Space-Gray-Unlocked-A1865-CDMA-GSM/282863327758?epid=240420150&hash=item41dbf7da0e:g:XiQAAOSwEEBaS66m, '$1 195.00', 'Shipping not specified'
Apple iPhone X - 64GB - Space Gray (Unlocked) A1865 (CDMA + GSM), https://www.ebay.com/itm/Apple-iPhone-X-64GB-Space-Gray-Unlocked-A1865-CDMA-GSM/273086779007?epid=240377072&hash=item3f953d8e7f:g:d38AAOSwlMpalKNZ, '$900.00', 'Shipping not specified'
Apple iPhone X - 64GB - Silver (Sprint) - Bad ESN - WORKS, https://www.ebay.com/itm/Apple-iPhone-X-64GB-Silver-Sprint-Bad-ESN-WORKS/142702097189?epid=239054330&hash=item2139b53325:g:BMEAAOSwojlakqK5, '$700.00', 'Shipping not specified'
Apple iPhone X - 64GB - Silver Bad Esn (T-Mobile) A1901 (GSM), https://www.ebay.com/itm/Apple-iPhone-X-64GB-Silver-Bad-Esn-T-Mobile-A1901-GSM/142702106411?epid=239099127&hash=item2139b5572b:g:NL4AAOSwwI1akqUY, '$545.00', 'Shipping not specified'
UNOPENED Apple iPhone X - 64GB - Space Gray (Unlocked), https://www.ebay.com/itm/UNOPENED-Apple-iPhone-X-64GB-Space-Gray-Unlocked/222853384872?epid=240377072&hash=item33e318caa8:g:0nkAAOSwhrRah2s9, '$1 025.00', 'Shipping not specified'
Apple iPhone X - 64GB - Silver (AT&T) A1901 (GSM), https://www.ebay.com/itm/Apple-iPhone-X-64GB-Silver-AT-T-A1901-GSM/112838894910?epid=239054160&hash=item1a45b8e53e:g:kG8AAOSwIFtaE~no, '$700.00', 'Shipping not specified'
New Apple iPhone X 64GB Gray Factory Unlocked Verizon Wireless, https://www.ebay.com/itm/New-Apple-iPhone-X-64GB-Gray-Factory-Unlocked-Verizon-Wireless/253454129200?epid=240377072&hash=item3b030b1830:g:9UAAAOSwFyhaFXZJ, '$969.89', '+$85.00 shipping'
iPhone X 64GB Silver Unlocked and Apple Watch Series 1 Silver, https://www.ebay.com/itm/iPhone-X-64GB-Silver-Unlocked-and-Apple-Watch-Series-1-Silver/222847328407?hash=item33e2bc6097:g:gQoAAOSwNURai1j0, '$1 009.99', 'Shipping not specified'
Apple iPhone X - 64GB - Silver (Sprint) A1865 (CDMA + GSM) BAD ESN, https://www.ebay.com/itm/Apple-iPhone-X-64GB-Silver-Sprint-A1865-CDMA-GSM-BAD-ESN/202241917254?epid=239054330&hash=item2f168ec146:g:kQ0AAOSwqWtalIpJ, '$649.95', 'Shipping not specified'
Apple iPhone X (64gb) Space Gray, https://www.ebay.com/itm/Apple-iPhone-X-64gb-Space-Gray/282854651871?epid=239009532&hash=item41db7377df:g:XA0AAOSwoddai1RZ, '$880.00', 'Shipping not specified'
Apple iPhone X - 256GB - Space Gray (Unlocked) A1865 BRAND NEW!, https://www.ebay.com/itm/Apple-iPhone-X-256GB-Space-Gray-Unlocked-A1865-BRAND-NEW/192462828903?epid=240420150&hash=item2ccfadb567:g:mMsAAOSwqvNajbzf, '$1 121.00', '+$250.00 shipping'
Apple iPhone X 64GB GSM Unlocked Space Gray Smartphone, https://www.ebay.com/itm/Apple-iPhone-X-64GB-GSM-Unlocked-Space-Gray-Smartphone/222857732379?hash=item33e35b211b:g:f30AAOSwL2NalGVd, '$899.99', 'Shipping not specified'
Apple iPhone X - 64GB - (Verizon) A1865 (CDMA + GSM) Read*****, https://www.ebay.com/itm/Apple-iPhone-X-64GB-Verizon-A1865-CDMA-GSM-Read/162918925534?epid=239092975&hash=item25eeb984de:g:10cAAOSwRCpakzq8, '$455.00', 'Shipping not specified'
Apple iPhone X - 256GB - Silver - AT&T, https://www.ebay.com/itm/Apple-iPhone-X-256GB-Silver-AT-T/323100587248?epid=239086269&hash=item4b3a4bb4f0:g:SSUAAOSwx4ZajkeD, '$990.00', 'Shipping not specified'
Factory sealed Apple iPhone X - 256GB - Space Gray (Unlocked) A1865 w/ warranty!, https://www.ebay.com/itm/Factory-sealed-Apple-iPhone-X-256GB-Space-Gray-Unlocked-A1865-w-warranty/132511165669?epid=240420150&hash=item1eda47ece5:g:2aYAAOSw7OVai03y, '$1 135.00', 'Shipping not specified'
iPhone X 64gb Space Gray Unlocked Box/Accessorie, s only, https://www.ebay.com/itm/iPhone-X-64gb-Space-Gray-Unlocked-Box-Accessories-only/263518593291?hash=item3d5aeea10b:g:CSEAAOSw0ZJak4Vh, '$800.00', '+$47.50 shipping'
Apple iPhone X 256GB Space Gray Used Verizon, https://www.ebay.com/itm/Apple-iPhone-X-256GB-Space-Gray-Used-Verizon/122989681648?epid=239068454&hash=item1ca2c19bf0:g:m0EAAOSwJdtalDaN, '$810.00', 'Shipping not specified'
NEW Apple iPhone X 10 Space Gray 256GB Apple Factory Unlocked GSM + CDMA A1865, https://www.ebay.com/itm/NEW-Apple-iPhone-X-10-Space-Gray-256GB-Apple-Factory-Unlocked-GSM-CDMA-A1865/282863138994?epid=6008037309&hash=item41dbf4f8b2:g:JsgAAOSwA25ahSO9, '$1 160.00', '+$33.25 shipping'
APPLE iPhone X 64GB Silver Global Version BRAND NEW unlocked w/ Purple Otter Box, https://www.ebay.com/itm/APPLE-iPhone-X-64GB-Silver-Global-Version-BRAND-NEW-unlocked-w-Purple-Otter-Box/112819123653?epid=240455169&hash=item1a448b35c5:g:oUEAAOSwi0xaKwRs, '$1 009.99', 'Shipping not specified'
