Aak,boy
Aarv,boy
Kha,boy
Taksh,boy
Sha,boy
Ahan,boy
Abi,boy
Ahil,boy
Zain,boy
Saad,boy
Kyan,boy
Kimoni,boy
Chi,boy
Rashad,boy
Mansa,boy
Karan,boy
John,boy
Sunny,boy
Aaron,boy
Alan,boy
Ryan,boy
Anu,boy
Rian,boy
Sam,boy
Alex,boy
Sam,boy
Jae,boy
Joey,boy
Karan,boy
Austin,boy
Nasuh,boy
Sasha,boy
Sonu,boy
Sunny,boy
Zayed,boy
Aab,girl
Neha,girl
Sha,girl
Pihu,girl
Nyra,girl
Aifa,girl
Sara,girl
Zara,girl
Afsa,girl
Ada,girl
Kiara,girl
Fara,girl
Abeni,girl
Ajala,girl
Siya,girl
May,girl
Rose,girl
Rena,girl
Kavya,girl
Rayna,girl
Laya,girl
Anaya,girl
Jeana,girl
Joya,girl
Anora,girl
Evana,girl
Sara,girl
Ada,girl
Ann,girl
Ava,girl
Ana,girl
Acha,girl
Nayra,girl
Syra,girl
Gianna,girl
Amy,girl
Shaina,girl
Zahrah,girl
Nida,girl
Zahra,girl
Ryna,girl
Moni,girl
Ria,girl
Gulnaz,girl
Ali,girl
