product_name,price,source,product_url,image_url
Black Sleeve For MacBook Air 11 Inches by Robobull,"Rs. 2,999",amazon.in,/gp/slredirect/picassoRedirect.html/ref=pa_sp_atf_next_aps_sr_pg2_1?ie=UTF8&adId=A01633882GUFMZKU2Q8FF&url=https%3A%2F%2Fwww.amazon.in%2FBlack-Sleeve-MacBook-Inches-Robobull%2Fdp%2FB07BWGQ6RJ%2Fref%3Dsr_1_17_sspa%3Fie%3DUTF8%26qid%3D1532870468%26sr%3D8-17-spons%26keywords%3Dmacbookair%26psc%3D1&qualifier=1532870468&id=2017214861182187&widgetName=sp_atf_next,https://images-eu.ssl-images-amazon.com/images/I/51dbZJnQr-L._AC_US218_.jpg
Tan Sleeve For MacBook Air 13 Inches by Robobull,"Rs. 2,999",amazon.in,/gp/slredirect/picassoRedirect.html/ref=pa_sp_atf_next_aps_sr_pg2_2?ie=UTF8&adId=A0155844298GXNBYDZP0R&url=https%3A%2F%2Fwww.amazon.in%2FTan-Sleeve-MacBook-Inches-Robobull%2Fdp%2FB07CB4LB81%2Fref%3Dsr_1_18_sspa%3Fie%3DUTF8%26qid%3D1532870468%26sr%3D8-18-spons%26keywords%3Dmacbookair%26psc%3D1&qualifier=1532870468&id=2017214861182187&widgetName=sp_atf_next,https://images-eu.ssl-images-amazon.com/images/I/41t0SPyiKZL._AC_US218_.jpg
Saco Touchpad Protector for MacBook 13.3 Air,Rs. 250,amazon.in,https://www.amazon.in/Saco-Touchpad-Protector-MacBook-13-3/dp/B015KWFIX6/ref=sr_1_19?ie=UTF8&qid=1532870468&sr=8-19&keywords=macbookair,https://images-eu.ssl-images-amazon.com/images/I/51GGsp0yu9L._AC_US218_.jpg
Apple Mac Mini Dual-core i5 2.8GHz/8GB/1TB Fusion/Iris Graphics (MGEQ2HN/A),"Rs. 78,475",amazon.in,https://www.amazon.in/Apple-Dual-core-2-8GHz-Graphics-MGEQ2HN/dp/B00OW5YGTU/ref=sr_1_20?ie=UTF8&qid=1532870468&sr=8-20&keywords=macbookair,https://images-eu.ssl-images-amazon.com/images/I/21NOLciItHL._AC_US218_.jpg
Apple MJLQ2HN/A 15.4-inch Laptop (Core i7/16GB/256GB/Mac OS/Integrated Graphics),"Rs. 1,49,500",amazon.in,https://www.amazon.in/Apple-MJLQ2HN-15-4-inch-Integrated-Graphics/dp/B00YN5G3O0/ref=sr_1_21?ie=UTF8&qid=1532870468&sr=8-21&keywords=macbookair,https://images-eu.ssl-images-amazon.com/images/I/41U6lURExSL._AC_US218_.jpg
"Apple MacBook Pro MLH42HN/A 2017 15-inch Laptop (Core i7/16GB/512GB/Mac OS/Integrated Graphics), Space Grey","Rs. 2,20,990",amazon.in,https://www.amazon.in/Apple-MacBook-MLH42HN-Integrated-Graphics/dp/B01NBE92TF/ref=sr_1_22?ie=UTF8&qid=1532870468&sr=8-22&keywords=macbookair,https://images-eu.ssl-images-amazon.com/images/I/412EzX03iML._AC_US218_.jpg
Heartly Flip Thin Hard Shell Rugged Armor Back Case For MacBook Air 13'' inch (Model: A1369 / A1466) - Frame Purple,Rs. 919,amazon.in,https://www.amazon.in/Heartly-Shell-Rugged-Armor-MacBook/dp/B016IXBGE6/ref=sr_1_23?ie=UTF8&qid=1532870468&sr=8-23&keywords=macbookair,https://images-eu.ssl-images-amazon.com/images/I/31ioxbOFvyL._AC_US218_.jpg
"Go Crazzy Macbook Air 13"" 13.3 Inch Macbook Air Hard Case, 5 in 1 Rubberized Matte Finish Plastic Case with Keyboard Cover+ Screenguard +Anti-dust Plug+ Touchpad Protector for Macbook Air 13.3 Inch (A1369 and A1466) Wine Red","Rs. 1,099",amazon.in,https://www.amazon.in/Crazzy-Macbook-Air-13-3-Screenguard/dp/B01M7VZ279/ref=sr_1_24?ie=UTF8&qid=1532870468&sr=8-24&keywords=macbookair,https://images-eu.ssl-images-amazon.com/images/I/51-ZHxVlSJL._AC_US218_.jpg
"Moshi ClearGuard for MB Pro 17"",15"",13"" white(2009)MB air 13"" US Layout (99MO021901)","Rs. 1,820",amazon.in,https://www.amazon.in/Moshi-ClearGuard-whiteMB-Layout-99MO021901/dp/B001QKI2DA/ref=sr_1_25?ie=UTF8&qid=1532870468&sr=8-25&keywords=macbookair,https://images-eu.ssl-images-amazon.com/images/I/41DrPboU2wL._AC_US218_.jpg
Apple MPXX2HN/A 13.3-inch Laptop (Core i5/8GB/256GB/Mac OS/Integrated Graphics),"Rs. 1,44,113",amazon.in,https://www.amazon.in/Apple-MPXX2HN-13-3-inch-Integrated-Graphics/dp/B073QVNH9K/ref=sr_1_26?ie=UTF8&qid=1532870468&sr=8-26&keywords=macbookair,https://images-eu.ssl-images-amazon.com/images/I/4167-DaEyGL._AC_US218_.jpg
Friends Office Automation Apple Logo Laptop Skin Cover For All Makes and Models of Laptops (Size : 15x10 inches),Rs. 249,amazon.in,https://www.amazon.in/Friends-Office-Automation-Laptop-Laptops/dp/B06Y3CS58T/ref=sr_1_27?ie=UTF8&qid=1532870468&sr=8-27&keywords=macbookair,https://images-eu.ssl-images-amazon.com/images/I/41hCx4SP82L._AC_US218_.jpg
Satechi Apple Watch (Gold),"Rs. 3,851",amazon.in,https://www.amazon.in/Satechi-ST-AWSG-Apple-Watch-Gold/dp/B01B58QFTK/ref=sr_1_28?ie=UTF8&qid=1532870468&sr=8-28&keywords=macbookair,https://images-eu.ssl-images-amazon.com/images/I/41GxEuJ-TeL._AC_US218_.jpg
"MoArmouz® USB 3.1 Type C Hub for Macbook Pro 2016/2017 Touch Bar and without Touch Bar, MacBook 12-Inch, (USB 3.0) 5 in 1 Combo Hub [1 YEAR WARRANTY] Includes 1 SD memory port, 1 Microsd Memory Port Card Reader and Charging Port [GOLD]","Rs. 3,999",amazon.in,https://www.amazon.in/MoArmouz%C2%AE-Macbook-without-WARRANTY-Charging/dp/B01ERAS44W/ref=sr_1_29?ie=UTF8&qid=1532870468&sr=8-29&keywords=macbookair,https://images-eu.ssl-images-amazon.com/images/I/51kSX6pRAML._AC_US218_.jpg
"midkart Hard Shell Rubberized Finish Case Cover with Logo Cut, Silicon Keyboard and Dust Plugs for 13/13.3-inch MacBook Air A1369/A1466(Dark Blue)",Rs. 999,amazon.in,https://www.amazon.in/Midkart-MacBook-Rubberized-Silicon-Keyboard/dp/B06WLGTY61/ref=sr_1_30?ie=UTF8&qid=1532870468&sr=8-30&keywords=macbookair,https://images-eu.ssl-images-amazon.com/images/I/418IczFQ1cL._AC_US218_.jpg
Apple MPXY2HN/A 13.3-inch Laptop (Core i5/8GB/512GB/Mac OS/Integrated Graphics),"Rs. 1,64,100",amazon.in,https://www.amazon.in/Apple-MPXY2HN-13-3-inch-Integrated-Graphics/dp/B073QW7SL3/ref=sr_1_31?ie=UTF8&qid=1532870468&sr=8-31&keywords=macbookair,https://images-eu.ssl-images-amazon.com/images/I/4167-DaEyGL._AC_US218_.jpg
"Apple MD760HN/B 13-inch Laptop (Core i5/4GB/128GB/Mac OS X, Mavericks/Intel HD Graphics 5000/without Laptop Bag), Silver","Rs. 69,900",amazon.in,https://www.amazon.in/Apple-MD760HN-13-inch-Mavericks-Graphics/dp/B00KMPCCDG/ref=sr_1_32?ie=UTF8&qid=1532870468&sr=8-32&keywords=macbookair,https://images-eu.ssl-images-amazon.com/images/I/41yQncjGqtL._AC_US218_.jpg
Apple MacBook Air MJVG2HN/A 13-inch Laptop (Core i5/4GB/256GB/OS X Yosemite/Intel HD 6000),"Rs. 86,900",amazon.in,https://www.amazon.in/Apple-MacBook-MJVG2HN-13-inch-Yosemite/dp/B00VBI1JPA/ref=sr_1_33?ie=UTF8&qid=1532870468&sr=8-33&keywords=macbookair,https://images-eu.ssl-images-amazon.com/images/I/41mqeDjIyQL._AC_US218_.jpg
Apple MacBook Air MJVE2HN/A 13-inch Laptop (Core i5/4GB/128GB/OS X Yosemite/Intel HD 6000),"Rs. 72,900",amazon.in,https://www.amazon.in/Apple-MacBook-MJVE2HN-13-inch-Yosemite/dp/B00VBHQU78/ref=sr_1_34?ie=UTF8&qid=1532870468&sr=8-34&keywords=macbookair,https://images-eu.ssl-images-amazon.com/images/I/41LC4B5SISL._AC_US218_.jpg
"Portronics POR-835""My Buddy Lite"" Foldable Laptop Stand (Silver)","Rs. 1,060",amazon.in,/gp/slredirect/picassoRedirect.html/ref=pa_sp_btf_aps_sr_pg2_2?ie=UTF8&adId=A0204529KDIZ5CNBZ0NC&url=https%3A%2F%2Fwww.amazon.in%2FPortronics-POR-835-Foldable-Laptop-Silver%2Fdp%2FB0797TQFPB%2Fref%3Dsr_1_35_sspa%3Fie%3DUTF8%26qid%3D1532870468%26sr%3D8-35-spons%26keywords%3Dmacbookair%26psc%3D1&qualifier=1532870468&id=2017214861182187&widgetName=sp_btf,https://images-eu.ssl-images-amazon.com/images/I/41tMj0MJzML._AC_US218_.jpg
Gray Sleeve For MacBook Air 11 Inches by Robobull,"Rs. 2,999",amazon.in,/gp/slredirect/picassoRedirect.html/ref=pa_sp_btf_aps_sr_pg2_1?ie=UTF8&adId=A015593226VPIOSQXFM5D&url=https%3A%2F%2Fwww.amazon.in%2FGray-Sleeve-MacBook-Inches-Robobull%2Fdp%2FB07BWJ3JDL%2Fref%3Dsr_1_36_sspa%3Fie%3DUTF8%26qid%3D1532870468%26sr%3D8-36-spons%26keywords%3Dmacbookair%26psc%3D1&qualifier=1532870468&id=2017214861182187&widgetName=sp_btf,https://images-eu.ssl-images-amazon.com/images/I/41sIlwieIpL._AC_US218_.jpg
Gray Sleeve For MacBook Air 13 Inches by Robobull,"Rs. 2,999",amazon.in,/gp/slredirect/picassoRedirect.html/ref=pa_sp_atf_next_aps_sr_pg3_1?ie=UTF8&adId=A01562442RMRSV6RXSGC3&url=https%3A%2F%2Fwww.amazon.in%2FGray-Sleeve-MacBook-Inches-Robobull%2Fdp%2FB07CDQPWL4%2Fref%3Dsr_1_33_sspa%3Fie%3DUTF8%26qid%3D1532870469%26sr%3D8-33-spons%26keywords%3Dmacbookair%26psc%3D1&qualifier=1532870469&id=5704254783811183&widgetName=sp_atf_next,https://images-eu.ssl-images-amazon.com/images/I/41sIlwieIpL._AC_US218_.jpg
Urban Tribe Dk. Grey Melange Laptop Messenger Bag (Smart Shell),Rs. 739,amazon.in,/gp/slredirect/picassoRedirect.html/ref=pa_sp_atf_next_aps_sr_pg3_2?ie=UTF8&adId=A09027113FJ4F5G5F2PLJ&url=https%3A%2F%2Fwww.amazon.in%2FUrban-Tribe-Messenger-Smart-Shell%2Fdp%2FB074P4M8Q6%2Fref%3Dsr_1_34_sspa%3Fie%3DUTF8%26qid%3D1532870469%26sr%3D8-34-spons%26keywords%3Dmacbookair%26psc%3D1&qualifier=1532870469&id=5704254783811183&widgetName=sp_atf_next,https://images-eu.ssl-images-amazon.com/images/I/513-wVE3ngL._AC_US218_.jpg
Apple Mac Pro: 3.0GHz 8-Core Intel Xeon E5 (MQGG2HN/A),"Rs. 3,04,800",amazon.in,https://www.amazon.in/Apple-Mac-Pro-3-0GHz-MQGG2HN/dp/B073Y97WQW/ref=sr_1_35?ie=UTF8&qid=1532870469&sr=8-35&keywords=macbookair,https://images-eu.ssl-images-amazon.com/images/I/314mjuudkML._AC_US218_.jpg
Kuzy 13-inch Rubberized Hard Case See-through Cover for New Apple MacBook Air 13.3-inch (Blue),"Rs. 2,499",amazon.in,https://www.amazon.in/Kuzy-13-inch-Rubberized-See-through-13-3-inch/dp/B007K09CIE/ref=sr_1_36?ie=UTF8&qid=1532870469&sr=8-36&keywords=macbookair,https://images-eu.ssl-images-amazon.com/images/I/31nNL5TWj2L._AC_US218_.jpg
Leaderachi Hunter Leather Crossbody Messenger Bag,"Rs. 3,599",amazon.in,https://www.amazon.in/Leaderachi-Hunter-Leather-Crossbody-Messenger/dp/B00W97CMK8/ref=sr_1_37?ie=UTF8&qid=1532870469&sr=8-37&keywords=macbookair,https://images-eu.ssl-images-amazon.com/images/I/41CNZZIBoML._AC_US218_.jpg
Brain Freezer Germany Flag Printed Design Hard Cover Case laptop Case For Macbook air 13 inch + keyboard cover + Dust plugs,Rs. 990,amazon.in,https://www.amazon.in/Brain-Freezer-Germany-Printed-keyboard/dp/B073VP5T6B/ref=sr_1_38?ie=UTF8&qid=1532870469&sr=8-38&keywords=macbookair,https://images-eu.ssl-images-amazon.com/images/I/41QGn6mJm7L._AC_US218_.jpg
"RAS Frosted Finish Red Case for Macbook Air 13"" for Model A1369 & A1466",Rs. 999,amazon.in,https://www.amazon.in/RAS-Frosted-Finish-Macbook-Model/dp/B06Y2XSJZJ/ref=sr_1_39?ie=UTF8&qid=1532870469&sr=8-39&keywords=macbookair,https://images-eu.ssl-images-amazon.com/images/I/31Iux0U-bjL._AC_US218_.jpg
Snoogg Abstract Black Pattern Design 13 Inch Laptop Case Flip Sleeve Bag Computer Cover,Rs. 545,amazon.in,https://www.amazon.in/Snoogg-Abstract-Pattern-Design-Computer/dp/B06Y4PF2MD/ref=sr_1_40?ie=UTF8&qid=1532870469&sr=8-40&keywords=macbookair,https://images-eu.ssl-images-amazon.com/images/I/41BjP-UFFZL._AC_US218_.jpg
Btindi Hard Matte Rubberised Case for Macbook Pro Retina 13.3 -Blue,Rs. 790,amazon.in,https://www.amazon.in/Btindi-Matte-Rubberised-Macbook-Retina/dp/B00VEAA2TY/ref=sr_1_41?ie=UTF8&qid=1532870469&sr=8-41&keywords=macbookair,https://images-eu.ssl-images-amazon.com/images/I/31xHL0y7y4L._AC_US218_.jpg
Laptop Stand-Aluminum Adjustable Portable for Laptop/Notebook/ipad/Macbook,Rs. 699,amazon.in,https://www.amazon.in/Stand-Aluminum-Adjustable-Portable-Notebook-Macbook/dp/B0716LHGRB/ref=sr_1_42?ie=UTF8&qid=1532870469&sr=8-42&keywords=macbookair,https://images-eu.ssl-images-amazon.com/images/I/41ZIc5j23+L._AC_US218_.jpg
Saco Ultra Clear Top Guard for Apple MacBook Air MJVE2HN/A 13-inch Laptop,Rs. 435,amazon.in,https://www.amazon.in/Saco-MacBook-MJVE2HN-13-inch-Laptop/dp/B017M87G7M/ref=sr_1_43?ie=UTF8&qid=1532870469&sr=8-43&keywords=macbookair,https://images-eu.ssl-images-amazon.com/images/I/31q6kvUWJuL._AC_US218_.jpg
Microware Wired Optical 3 Button Car Shaped PC Mouse with Scrollwheel and LED Lights,Rs. 599,amazon.in,https://www.amazon.in/Microware-Optical-Button-Shaped-Scrollwheel/dp/B07BTZLN9X/ref=sr_1_44?ie=UTF8&qid=1532870469&sr=8-44&keywords=macbookair,https://images-eu.ssl-images-amazon.com/images/I/41LMJAdQCiL._AC_US218_.jpg
Snoogg Scooter Rains 13 inch Laptop Case Flip Sleeve Bag Computer Cover,Rs. 545,amazon.in,https://www.amazon.in/Snoogg-Scooter-Laptop-Sleeve-Computer/dp/B06Y4LZXYJ/ref=sr_1_45?ie=UTF8&qid=1532870469&sr=8-45&keywords=macbookair,https://images-eu.ssl-images-amazon.com/images/I/51z-IEUtqNL._AC_US218_.jpg
Snoogg Grey Light Pattern Design 13 Inch Laptop Case Flip Sleeve Bag Computer Cover,Rs. 545,amazon.in,https://www.amazon.in/Snoogg-Pattern-Design-Laptop-Computer/dp/B06Y4SNPVT/ref=sr_1_46?ie=UTF8&qid=1532870469&sr=8-46&keywords=macbookair,https://images-eu.ssl-images-amazon.com/images/I/51FYvRkcjxL._AC_US218_.jpg
Case Logic Sleeve with Retina Display for 13.3-Inch Laptops and MacBook Air/MacBook Pro - Purple (LAPS-113Purple),"Rs. 1,808.73",amazon.in,https://www.amazon.in/Case-Logic-Display-13-3-Inch-Laptops/dp/B00BCMIM8C/ref=sr_1_47?ie=UTF8&qid=1532870469&sr=8-47&keywords=macbookair,https://images-eu.ssl-images-amazon.com/images/I/51dyDopnEvL._AC_US218_.jpg
GADGETS WRAP Apple Macbook Air 13 inch Printed Skin for Top Only - WALKING SACRED ELEPHANT PATTERN,"Rs. 1,000",amazon.in,https://www.amazon.in/GADGETS-WRAP-Apple-Macbook-Printed/dp/B078GKNSQZ/ref=sr_1_48?ie=UTF8&qid=1532870469&sr=8-48&keywords=macbookair,https://images-eu.ssl-images-amazon.com/images/I/61ew8dWHq7L._AC_US218_.jpg
Snoogg Locked Hearts 13 inch Laptop Case Flip Sleeve Bag Computer Cover,Rs. 599,amazon.in,https://www.amazon.in/Snoogg-Locked-Hearts-Laptop-Computer/dp/B06Y4C876M/ref=sr_1_49?ie=UTF8&qid=1532870469&sr=8-49&keywords=macbookair,https://images-eu.ssl-images-amazon.com/images/I/41AnxUDekEL._AC_US218_.jpg
Kmltail 13.3 inch Laptop Bag Sleeve for Apple MacBook Air MQD32HN/A 13.3-inch Laptop 2017 Messenger Style Slim Sleek Best Quality Convertible to Vertical Horizontal backpack. Cool Cute Designer Rugged Light Weight Travel for Boys Men Girl Women,Rs. 350,amazon.in,https://www.amazon.in/13-3-inch-Messenger-Convertible-Horizontal-backpack/dp/B0745CVCWG/ref=sr_1_50?ie=UTF8&qid=1532870469&sr=8-50&keywords=macbookair,https://images-eu.ssl-images-amazon.com/images/I/4144Nq+aAML._AC_US218_.jpg
"Tizum RouTou Series Bumper Sleeve Maximum Impact Protection Laptop Sleeve Case 13.3"" Apple MacBook (Black)","Rs. 1,699",amazon.in,/gp/slredirect/picassoRedirect.html/ref=pa_sp_btf_aps_sr_pg3_2?ie=UTF8&adId=A07564662V5QD05JIDZJX&url=https%3A%2F%2Fwww.amazon.in%2FRouTou-Bumper-Maximum-Protection-MacBook%2Fdp%2FB01MRLR7I2%2Fref%3Dsr_1_51_sspa%3Fie%3DUTF8%26qid%3D1532870469%26sr%3D8-51-spons%26keywords%3Dmacbookair%26psc%3D1&qualifier=1532870469&id=5704254783811183&widgetName=sp_btf,https://images-eu.ssl-images-amazon.com/images/I/51okcYZ71kL._AC_US218_.jpg
Scarters Premium Splash-proof Canvas Jet Black Messenger Bag with Faux Leather Styling for up to 14 inch Laptop/MacBook: The Retro,"Rs. 3,777",amazon.in,/gp/slredirect/picassoRedirect.html/ref=pa_sp_btf_aps_sr_pg3_1?ie=UTF8&adId=A05141913U43DJ94XV4KZ&url=https%3A%2F%2Fwww.amazon.in%2FScarters-Premium-Splash-proof-Messenger-Leather%2Fdp%2FB078X8TWYP%2Fref%3Dsr_1_52_sspa%3Fie%3DUTF8%26qid%3D1532870469%26sr%3D8-52-spons%26keywords%3Dmacbookair%26psc%3D1&qualifier=1532870469&id=5704254783811183&widgetName=sp_btf,https://images-eu.ssl-images-amazon.com/images/I/41s3jKWI7HL._AC_US218_.jpg
product_name,price,source,product_url,image_url
"SanDisk iXpand 64GB Flash Drive for iPhones, iPads and Computers","Rs. 3,749",amazon.in,/gp/slredirect/picassoRedirect.html/ref=pa_sp_atf_next_aps_sr_pg2_1?ie=UTF8&adId=A039923023ARU7JS60H4U&url=https%3A%2F%2Fwww.amazon.in%2FSanDisk-iXpand-Flash-iPhones-Computers%2Fdp%2FB01F6RWV0S%2Fref%3Dsr_1_17_sspa%3Fie%3DUTF8%26qid%3D1532871578%26sr%3D8-17-spons%26keywords%3Dapple%26psc%3D1&qualifier=1532871578&id=4954696611332227&widgetName=sp_atf_next,https://images-eu.ssl-images-amazon.com/images/I/31ZqGip4ZXL._AC_US218_.jpg
"(Certified Refurbished) Lenovo K8 Note (Black, 32GB)","Rs. 9,049",amazon.in,/gp/slredirect/picassoRedirect.html/ref=pa_sp_atf_next_aps_sr_pg2_2?ie=UTF8&adId=A05785312RHQ1KV832GHW&url=https%3A%2F%2Fwww.amazon.in%2FCertified-Refurbished-Lenovo-K8-Note%2Fdp%2FB07911PY27%2Fref%3Dsr_1_18_sspa%3Fie%3DUTF8%26qid%3D1532871578%26sr%3D8-18-spons%26keywords%3Dapple%26psc%3D1&qualifier=1532871578&id=4954696611332227&widgetName=sp_atf_next,https://images-eu.ssl-images-amazon.com/images/I/51CDdwpuZbL._AC_US218_.jpg
Mobivax Bluetooth Smart Watch for all Android/IOS devices - Black,"Rs. 1,048",amazon.in,https://www.amazon.in/Mobivax-Bluetooth-Smart-Android-devices/dp/B078WCCQJJ/ref=sr_1_19?ie=UTF8&qid=1532871578&sr=8-19&keywords=apple,https://images-eu.ssl-images-amazon.com/images/I/31sw5SorveL._AC_US218_.jpg
Apple MK0C2ZM/A Pencil for Apple iPad Pro (White),"Rs. 7,600",amazon.in,https://www.amazon.in/Apple-MK0C2ZM-Pencil-iPad-White/dp/B016NY7784/ref=sr_1_20?ie=UTF8&qid=1532871578&sr=8-20&keywords=apple,https://images-eu.ssl-images-amazon.com/images/I/11VjxJi3AoL._AC_US218_.jpg
AmazonBasics 4.0 Amp Dual USB Car Charger for Apple and Android Devices - Black,Rs. 499,amazon.in,https://www.amazon.in/AmazonBasics-Charger-Apple-Android-Devices/dp/B06XD7QSMS/ref=sr_1_21?ie=UTF8&qid=1532871578&sr=8-21&keywords=apple,https://images-eu.ssl-images-amazon.com/images/I/41vIOggvx2L._AC_US218_.jpg
AmazonBasics Apple Certified Lightning to USB Cable - 3 Feet (0.9 Meters) - White,Rs. 749,amazon.in,https://www.amazon.in/AmazonBasics-Apple-Certified-Lightning-Cable/dp/B010S9M3L6/ref=sr_1_22?ie=UTF8&qid=1532871578&sr=8-22&keywords=apple,https://images-eu.ssl-images-amazon.com/images/I/41MZzIj7WTL._AC_US218_.jpg
"Apple MGEN2HN/A All-in-One Desktop (Core i5/8GB/1TB/macOS High Sierra/Integrated Graphics), Silver","Rs. 55,490",amazon.in,https://www.amazon.in/Apple-MGEN2HN-macOS-High-Sierra-Integrated-Graphics/dp/B00OW5RU84/ref=sr_1_23?ie=UTF8&qid=1532871578&sr=8-23&keywords=apple,https://images-eu.ssl-images-amazon.com/images/I/21k5wzA1rsL._AC_US218_.jpg
"Apple iPad(6th Gen) Tablet (9.7 inch, 32GB, Wi-Fi), Gold","Rs. 29,999",amazon.in,https://www.amazon.in/Apple-iPad-Tablet-inch-Wi-Fi/dp/B07C51NY6G/ref=sr_1_24?ie=UTF8&qid=1532871578&sr=8-24&keywords=apple,https://images-eu.ssl-images-amazon.com/images/I/51eFGdbQieL._AC_US218_.jpg
AmazonBasics Nylon Braided USB A to Lightning Compatible Cable - Apple MFi Certified - Dark Grey (3 Feet/0.9 Meter),Rs. 899,amazon.in,https://www.amazon.in/AmazonBasics-Nylon-Braided-Lightning-Compatible/dp/B01F9RGJJO/ref=sr_1_25?ie=UTF8&qid=1532871578&sr=8-25&keywords=apple,https://images-eu.ssl-images-amazon.com/images/I/41dMaaXZRsL._AC_US218_.jpg
Apple MMTN2ZM/A EarPods with Lightning Connector (White),"Rs. 2,345",amazon.in,https://www.amazon.in/Apple-MMTN2ZM-EarPods-Lightning-Connector/dp/B01M1EEPOB/ref=sr_1_26?ie=UTF8&qid=1532871578&sr=8-26&keywords=apple,https://images-eu.ssl-images-amazon.com/images/I/313t02qjeKL._AC_US218_.jpg
"Apple iPhone 8 (Gold, 64GB)","Rs. 60,800",amazon.in,https://www.amazon.in/Apple-iPhone-8-Gold-64GB/dp/B072BXZWBZ/ref=sr_1_27?ie=UTF8&qid=1532871578&sr=8-27&keywords=apple,https://images-eu.ssl-images-amazon.com/images/I/41zI4tZ6hcL._AC_US218_.jpg
"Apple Watch Series 3 GPS 42mm Smart Watch (Space Grey Aluminum Case, Black Sport Band)","Rs. 31,900",amazon.in,https://www.amazon.in/Apple-Watch-Smart-Space-Aluminum/dp/B075R9P7H8/ref=sr_1_28?ie=UTF8&qid=1532871578&sr=8-28&keywords=apple,https://images-eu.ssl-images-amazon.com/images/I/41tb7+LdQ2L._AC_US218_.jpg
Apple ML8M2HN/A 5W USB Power Adapter (White),"Rs. 1,435",amazon.in,https://www.amazon.in/Apple-ML8M2HN-Power-Adapter-White/dp/B01BGGZHF4/ref=sr_1_29?ie=UTF8&qid=1532871578&sr=8-29&keywords=apple,https://images-eu.ssl-images-amazon.com/images/I/31fSXS3+TEL._AC_US218_.jpg
Fredi Motion Activated Mini Hidden Camera 720P HD Mini Wifi Spy Camera For iPhone Android Phone iPad PC Remote View,"Rs. 1,499",amazon.in,https://www.amazon.in/Motion-Activated-Hidden-Camera-Android/dp/B01I68UERG/ref=sr_1_30?ie=UTF8&qid=1532871578&sr=8-30&keywords=apple,https://images-eu.ssl-images-amazon.com/images/I/41L7ji-ngTL._AC_US218_.jpg
"Apple AirPods - Wireless Headset with Mic (White, In the Ear)","Rs. 14,050",amazon.in,https://www.amazon.in/Apple-AirPods-Wireless-Headset-White/dp/B01MCW7EOW/ref=sr_1_31?ie=UTF8&qid=1532871578&sr=8-31&keywords=apple,https://images-eu.ssl-images-amazon.com/images/I/31CNNrFXwDL._AC_US218_.jpg
"Apple iPhone X (Silver, 64GB)","Rs. 91,000",amazon.in,https://www.amazon.in/Apple-iPhone-X-Silver-64GB/dp/B0711T2L8K/ref=sr_1_32?ie=UTF8&qid=1532871578&sr=8-32&keywords=apple,https://images-eu.ssl-images-amazon.com/images/I/41yHmwJxbIL._AC_US218_.jpg
"Apple iPhone 6S (Space Grey, 32GB)","Rs. 34,999",amazon.in,https://www.amazon.in/Apple-iPhone-6S-Space-Grey/dp/B01LX3A7CC/ref=sr_1_33?ie=UTF8&qid=1532871578&sr=8-33&keywords=apple,https://images-eu.ssl-images-amazon.com/images/I/41+wo3bcbKL._AC_US218_.jpg
"Tosmy Stainless Steel Premium Apple Cutter, Multicolour",Rs. 80,amazon.in,https://www.amazon.in/Tosmy-Stainless-Premium-Cutter-Multicolour/dp/B015R16EHE/ref=sr_1_34?ie=UTF8&qid=1532871578&sr=8-34&keywords=apple,https://images-eu.ssl-images-amazon.com/images/I/4129+IXdIKL._AC_US218_.jpg
"(CERTIFIED REFURBISHED) Panasonic Eluga Ray Max (Grey, 64GB)","Rs. 9,799",amazon.in,/gp/slredirect/picassoRedirect.html/ref=pa_sp_btf_aps_sr_pg2_2?ie=UTF8&adId=A05791111PKKFIY15HKIV&url=https%3A%2F%2Fwww.amazon.in%2FREFURBISHED-Panasonic-Eluga-Ray-Max%2Fdp%2FB078HQMYPY%2Fref%3Dsr_1_35_sspa%3Fie%3DUTF8%26qid%3D1532871578%26sr%3D8-35-spons%26keywords%3Dapple%26psc%3D1&qualifier=1532871578&id=4954696611332227&widgetName=sp_btf,https://images-eu.ssl-images-amazon.com/images/I/4165VXUWNfL._AC_US218_.jpg
"(Certified Refurbished) Panasonic Eluga Ray X (Gold, 32GB)","Rs. 6,999",amazon.in,/gp/slredirect/picassoRedirect.html/ref=pa_sp_btf_aps_sr_pg2_1?ie=UTF8&adId=A05789552EV92SALXLYEO&url=https%3A%2F%2Fwww.amazon.in%2FCertified-Refurbished-Panasonic-Eluga-Ray%2Fdp%2FB078HTP1GK%2Fref%3Dsr_1_36_sspa%3Fie%3DUTF8%26qid%3D1532871578%26sr%3D8-36-spons%26keywords%3Dapple%26psc%3D1&qualifier=1532871578&id=4954696611332227&widgetName=sp_btf,https://images-eu.ssl-images-amazon.com/images/I/41ybsBF5CIL._AC_US218_.jpg
"SanDisk iXpand 128GB Flash Drive for iPhones, iPads and Computers","Rs. 5,690",amazon.in,/gp/slredirect/picassoRedirect.html/ref=pa_sp_atf_next_aps_sr_pg3_1?ie=UTF8&adId=A03990423VMOO8CP34NF9&url=https%3A%2F%2Fwww.amazon.in%2FSanDisk-iXpand-128GB-iPhones-Computers%2Fdp%2FB01F6RWV94%2Fref%3Dsr_1_33_sspa%3Fie%3DUTF8%26qid%3D1532871579%26sr%3D8-33-spons%26keywords%3Dapple%26psc%3D1&qualifier=1532871579&id=7301230981376098&widgetName=sp_atf_next,https://images-eu.ssl-images-amazon.com/images/I/31ZqGip4ZXL._AC_US218_.jpg
Mobijunkies for iPhone 6s Glossy Lens Mirror Full Protection Phone Case (with Free Tempered Glass) Pink Colour,Rs. 699,amazon.in,/gp/slredirect/picassoRedirect.html/ref=pa_sp_atf_next_aps_sr_pg3_2?ie=UTF8&adId=A05190441VS7J66CTL9AZ&url=https%3A%2F%2Fwww.amazon.in%2FMobijunkies-iPhone-6s-Protection-Tempered%2Fdp%2FB07FZ8VJ2P%2Fref%3Dsr_1_34_sspa%3Fie%3DUTF8%26qid%3D1532871579%26sr%3D8-34-spons%26keywords%3Dapple%26psc%3D1&qualifier=1532871579&id=7301230981376098&widgetName=sp_atf_next,https://images-eu.ssl-images-amazon.com/images/I/51ccX3-qmbL._AC_US218_.jpg
AmazonBasics Double Braided Nylon USB A to Lightning Compatible Cable - Apple MFi Certified - Dark Grey (6 Feet/1.8 Meters),"Rs. 1,299",amazon.in,https://www.amazon.in/AmazonBasics-Double-Braided-Lightning-Compatible/dp/B0753R2TWC/ref=sr_1_35?ie=UTF8&qid=1532871579&sr=8-35&keywords=apple,https://images-eu.ssl-images-amazon.com/images/I/41Gb1yLj+sL._AC_US218_.jpg
Spigen S350 Apple Watch Night Stand (Series 3 / Series 2 / Series 1) (42mm / 38mm) - Black SGP11584,Rs. 999,amazon.in,https://www.amazon.in/Spigen-Apple-Watch-Night-Stand/dp/B0109I9W24/ref=sr_1_36?ie=UTF8&qid=1532871579&sr=8-36&keywords=apple,https://images-eu.ssl-images-amazon.com/images/I/417-UejaeCL._AC_US218_.jpg
"Apple iPhone SE (Gold, 32GB)","Rs. 22,900",amazon.in,https://www.amazon.in/Apple-iPhone-SE-Gold-32GB/dp/B071RC52N6/ref=sr_1_37?ie=UTF8&qid=1532871579&sr=8-37&keywords=apple,https://images-eu.ssl-images-amazon.com/images/I/51-OTudv7cL._AC_US218_.jpg
"Apple MacBook Pro MLW82HN/A 2017 15-inch Laptop (Core i7/16GB/512GB/Mac OS/2GB Graphics), Silver","Rs. 2,22,500",amazon.in,https://www.amazon.in/Apple-MacBook-MLW82HN-15-inch-Graphics/dp/B01NCE2FHK/ref=sr_1_38?ie=UTF8&qid=1532871579&sr=8-38&keywords=apple,https://images-eu.ssl-images-amazon.com/images/I/51zvT8RiNsL._AC_US218_.jpg
Family Affair-Chapter One,"Rs. 2,491.04",amazon.in,https://www.amazon.in/Family-Affair-Chapter-One-Various-Artists/dp/B00K2F82OE/ref=sr_1_39?ie=UTF8&qid=1532871579&sr=8-39&keywords=apple,https://images-eu.ssl-images-amazon.com/images/I/51AY-GaL+LL._AC_US218_.jpg
"Go Crazzy Matte Rubberized Hard Case for Apple MacBook Air, 13.3 inch",Rs. 999,amazon.in,https://www.amazon.in/Go-Crazzy-Matte-Rubberized-MacBook/dp/B00MLT73V2/ref=sr_1_40?ie=UTF8&qid=1532871579&sr=8-40&keywords=apple,https://images-eu.ssl-images-amazon.com/images/I/51mMhFSoUeL._AC_US218_.jpg
Boat LTG500 Indestructible Apple Certified Lightning Cable 2Meter (Space Grey),Rs. 699,amazon.in,https://www.amazon.in/Boat-LTG500-Indestructible-Certified-Lightning/dp/B0162K34H2/ref=sr_1_41?ie=UTF8&qid=1532871579&sr=8-41&keywords=apple,https://images-eu.ssl-images-amazon.com/images/I/41vVXPCqnML._AC_US218_.jpg
"Apple iPhone X (Space Grey, 256GB)","Rs. 1,02,000",amazon.in,https://www.amazon.in/Apple-iPhone-Space-Grey-256GB/dp/B072LNNSQN/ref=sr_1_42?ie=UTF8&qid=1532871579&sr=8-42&keywords=apple,https://images-eu.ssl-images-amazon.com/images/I/41wUnHPGFBL._AC_US218_.jpg
"M@SKED Apple iWatch Band - Sports Edition, Soft Silicone Strap Replacement Wristband for Apple Watch for Series 3, Series 2, Series 1, Nike+ Sports Edition (42 mm, Red-Black)",Rs. 799,amazon.in,https://www.amazon.in/SKED-Apple-iWatch-Band-Replacement/dp/B07D9SZWNG/ref=sr_1_43?ie=UTF8&qid=1532871579&sr=8-43&keywords=apple,https://images-eu.ssl-images-amazon.com/images/I/41sxwQDOD1L._AC_US218_.jpg
Spigen SGP11496 Rugged Armor Apple Watch Case for 42mm Apple Watch Series 3/2/1 (Black),Rs. 899,amazon.in,https://www.amazon.in/Spigen-SGP11496-Rugged-Armor-Apple/dp/B00UVSNQPM/ref=sr_1_44?ie=UTF8&qid=1532871579&sr=8-44&keywords=apple,https://images-eu.ssl-images-amazon.com/images/I/41hdAai86+L._AC_US218_.jpg
Artis AR-MAC-60W-MG1 100-240V Laptop Adapter for Macbook/MacBook Pro (White),"Rs. 1,799",amazon.in,https://www.amazon.in/Artis-AR-MAC-60W-MG1-100-240V-Adapter-Macbook/dp/B017LP6R62/ref=sr_1_45?ie=UTF8&qid=1532871579&sr=8-45&keywords=apple,https://images-eu.ssl-images-amazon.com/images/I/31-cCUa8OsL._AC_US218_.jpg
SUPCASE [Unicorn Beetle Pro] Rugged Protective Case Cover with Strap Bands for Apple Watch Series 3 2017/2016/2015 Edition 42mm (Black),"Rs. 1,699",amazon.in,https://www.amazon.in/SUPCASE-Unicorn-Beetle-Rugged-Protective/dp/B077D118JY/ref=sr_1_46?ie=UTF8&qid=1532871579&sr=8-46&keywords=apple,https://images-eu.ssl-images-amazon.com/images/I/51jraDi6RcL._AC_US218_.jpg
Bragg Organic Raw Apple Cider Vinegar - 473 ml,Rs. 547.20,amazon.in,https://www.amazon.in/Bragg-Organic-Apple-Cider-Vinegar/dp/B00UPTU286/ref=sr_1_47?ie=UTF8&qid=1532871579&sr=8-47&keywords=apple,https://images-eu.ssl-images-amazon.com/images/I/51L3Ym5SEAL._AC_US218_.jpg
"MOBITECH Fast lightning USB Data Charging Cable for iPhone, iPad Air iPad mini iPod nano and iPod Touch (White)",Rs. 390,amazon.in,https://www.amazon.in/MOBITECH-lightning-Charging-Cable-iPhone/dp/B076D2VX14/ref=sr_1_48?ie=UTF8&qid=1532871579&sr=8-48&keywords=apple,https://images-eu.ssl-images-amazon.com/images/I/41wQ2AQomiL._AC_US218_.jpg
"WOW Apple Cider Vinegar No Sulphate & Parabens Shampoo, 300ml",Rs. 379.05,amazon.in,https://www.amazon.in/WOW-Vinegar-Sulphate-Parabens-Shampoo/dp/B01M9EB7ZK/ref=sr_1_49?ie=UTF8&qid=1532871579&sr=8-49&keywords=apple,https://images-eu.ssl-images-amazon.com/images/I/41+YebDh9KL._AC_US218_.jpg
AmazonBasics Nylon Braided USB A to Lightning Compatible Cable - Apple MFi Certified - Silver (3 Feet/0.9 Meter),Rs. 899,amazon.in,https://www.amazon.in/AmazonBasics-Nylon-Braided-Lightning-Compatible/dp/B01F9RGF0M/ref=sr_1_50?ie=UTF8&qid=1532871579&sr=8-50&keywords=apple,https://images-eu.ssl-images-amazon.com/images/I/41Yge+6OyqL._AC_US218_.jpg
"Mobijunkies Hard Shell Squishy Cat Phone Cover, Light Green Colour for Vivo V9",Rs. 425,amazon.in,/gp/slredirect/picassoRedirect.html/ref=pa_sp_btf_aps_sr_pg3_2?ie=UTF8&adId=A02555241R6GWLL1CQVKH&url=https%3A%2F%2Fwww.amazon.in%2FMobijunkies-Shell-Squishy-Colour-Vivo%2Fdp%2FB07FC4RFSQ%2Fref%3Dsr_1_51_sspa%3Fie%3DUTF8%26qid%3D1532871579%26sr%3D8-51-spons%26keywords%3Dapple%26psc%3D1&qualifier=1532871579&id=7301230981376098&widgetName=sp_btf,https://images-eu.ssl-images-amazon.com/images/I/51egzHuqGrL._AC_US218_.jpg
"Mobijunkies Hard Shell Squishy Cat Phone Cover, Light Green Colour for Oppo (Oppo F5 Youth)",Rs. 425,amazon.in,/gp/slredirect/picassoRedirect.html/ref=pa_sp_btf_aps_sr_pg3_1?ie=UTF8&adId=A025641614C4ZQTUJJAY5&url=https%3A%2F%2Fwww.amazon.in%2FMobijunkies-Shell-Squishy-Colour-Oppo%2Fdp%2FB07B8GGFM7%2Fref%3Dsr_1_52_sspa%3Fie%3DUTF8%26qid%3D1532871579%26sr%3D8-52-spons%26keywords%3Dapple%26psc%3D1&qualifier=1532871579&id=7301230981376098&widgetName=sp_btf,https://images-eu.ssl-images-amazon.com/images/I/51Vx5T9ZnpL._AC_US218_.jpg
